# Redirects for restructured URLs
# Generated by final_restructure.py

# Topic pages (chu-de/ → root)
/van-ban/chu-de/* /van-ban/:splat 301

# Subtopic pages (de-muc/ → parent/child)
/van-ban/de-muc/tuong-tro-tu-phap/ /van-ban/tuong-tro-tu-phap/tuong-tro-tu-phap/ 301
/van-ban/de-muc/hinh-su/ /van-ban/hinh-su/hinh-su/ 301
/van-ban/de-muc/thue-su-dung-dat-phi-nong-nghiep/ /van-ban/thue-phi-le-phi-cac-khoan-thu-khac/thue-su-dung-dat-phi-nong-nghiep/ 301
/van-ban/de-muc/thue-tieu-thu-dac-biet/ /van-ban/thue-phi-le-phi-cac-khoan-thu-khac/thue-tieu-thu-dac-biet/ 301
/van-ban/de-muc/thue-xuat-khau-thue-nhap-khau/ /van-ban/thue-phi-le-phi-cac-khoan-thu-khac/thue-xuat-khau-thue-nhap-khau/ 301
/van-ban/de-muc/chi-phi-to-tung/ /van-ban/thue-phi-le-phi-cac-khoan-thu-khac/chi-phi-to-tung/ 301
/van-ban/de-muc/thue-su-dung-dat-nong-nghiep/ /van-ban/thue-phi-le-phi-cac-khoan-thu-khac/thue-su-dung-dat-nong-nghiep/ 301
/van-ban/de-muc/quan-ly-thue/ /van-ban/thue-phi-le-phi-cac-khoan-thu-khac/quan-ly-thue/ 301
/van-ban/de-muc/thue-bao-ve-moi-truong/ /van-ban/thue-phi-le-phi-cac-khoan-thu-khac/thue-bao-ve-moi-truong/ 301
/van-ban/de-muc/thue-thu-nhap-ca-nhan/ /van-ban/thue-phi-le-phi-cac-khoan-thu-khac/thue-thu-nhap-ca-nhan/ 301
/van-ban/de-muc/thue-tai-nguyen/ /van-ban/thue-phi-le-phi-cac-khoan-thu-khac/thue-tai-nguyen/ 301
/van-ban/de-muc/thue-thu-nhap-doanh-nghiep/ /van-ban/thue-phi-le-phi-cac-khoan-thu-khac/thue-thu-nhap-doanh-nghiep/ 301
/van-ban/de-muc/phi-va-le-phi/ /van-ban/thue-phi-le-phi-cac-khoan-thu-khac/phi-va-le-phi/ 301
/van-ban/de-muc/ngan-hang-nha-nuoc-viet-nam/ /van-ban/ngan-hang-tien-te/ngan-hang-nha-nuoc-viet-nam/ 301
/van-ban/de-muc/bao-hiem-tien-gui/ /van-ban/ngan-hang-tien-te/bao-hiem-tien-gui/ 301
/van-ban/de-muc/cac-cong-cu-chuyen-nhuong/ /van-ban/ngan-hang-tien-te/cac-cong-cu-chuyen-nhuong/ 301
/van-ban/de-muc/ngoai-hoi/ /van-ban/ngan-hang-tien-te/ngoai-hoi/ 301
/van-ban/de-muc/giao-duc/ /van-ban/giao-duc-dao-tao/giao-duc/ 301
/van-ban/de-muc/giao-duc-dai-hoc/ /van-ban/giao-duc-dao-tao/giao-duc-dai-hoc/ 301
/van-ban/de-muc/kien-truc/ /van-ban/xay-dung-nha-o-do-thi/kien-truc/ 301
/van-ban/de-muc/da-dang-sinh-hoc/ /van-ban/moi-truong/da-dang-sinh-hoc/ 301
/van-ban/de-muc/du-tru-quoc-gia/ /van-ban/tai-san-cong-no-cong-du-tru-nha-nuoc/du-tru-quoc-gia/ 301
/van-ban/de-muc/quan-ly-va-su-dung-vien-tro-khong-hoan-lai-khong-thuoc-ho-tro-phat-trien-chinh-thuc-cua-cac-co-quan-to-chuc-ca-nhan-nuoc-ngoai-danh-cho-viet-nam/ /van-ban/tai-san-cong-no-cong-du-tru-nha-nuoc/quan-ly-va-su-dung-vien-tro-khong-hoan-lai-khong-thuoc-ho-tro-phat-trien-chinh-thuc-cua-cac-co-quan-to-chuc-ca-nhan-nuoc-ngoai-danh-cho-viet-nam/ 301
/van-ban/de-muc/quan-ly-su-dung-tai-san-cong/ /van-ban/tai-san-cong-no-cong-du-tru-nha-nuoc/quan-ly-su-dung-tai-san-cong/ 301
/van-ban/de-muc/trung-mua-trung-dung-tai-san/ /van-ban/tai-san-cong-no-cong-du-tru-nha-nuoc/trung-mua-trung-dung-tai-san/ 301
/van-ban/de-muc/quan-ly-no-cong/ /van-ban/tai-san-cong-no-cong-du-tru-nha-nuoc/quan-ly-no-cong/ 301
/van-ban/de-muc/cong-tac-van-thu/ /van-ban/van-thu-luu-tru/cong-tac-van-thu/ 301
/van-ban/de-muc/khuyen-cong/ /van-ban/cong-nghiep/khuyen-cong/ 301
/van-ban/de-muc/hoa-chat/ /van-ban/cong-nghiep/hoa-chat/ 301
/van-ban/de-muc/dau-khi/ /van-ban/cong-nghiep/dau-khi/ 301
/van-ban/de-muc/su-dung-nang-luong-tiet-kiem-va-hieu-qua/ /van-ban/cong-nghiep/su-dung-nang-luong-tiet-kiem-va-hieu-qua/ 301
/van-ban/de-muc/chuyen-giao-cong-nghe/ /van-ban/khoa-hoc-cong-nghe/chuyen-giao-cong-nghe/ 301
/van-ban/de-muc/khoa-hoc-va-cong-nghe/ /van-ban/khoa-hoc-cong-nghe/khoa-hoc-va-cong-nghe/ 301
/van-ban/de-muc/nang-luong-nguyen-tu/ /van-ban/khoa-hoc-cong-nghe/nang-luong-nguyen-tu/ 301
/van-ban/de-muc/do-luong/ /van-ban/khoa-hoc-cong-nghe/do-luong/ 301
/van-ban/de-muc/chat-luong-san-pham-hang-hoa/ /van-ban/khoa-hoc-cong-nghe/chat-luong-san-pham-hang-hoa/ 301
/van-ban/de-muc/cong-nghe-cao/ /van-ban/khoa-hoc-cong-nghe/cong-nghe-cao/ 301
/van-ban/de-muc/tieu-chuan-va-quy-chuan-ky-thuat/ /van-ban/khoa-hoc-cong-nghe/tieu-chuan-va-quy-chuan-ky-thuat/ 301
/van-ban/de-muc/hoat-dong-giam-sat-cua-quoc-hoi-va-hoi-dong-nhan-dan/ /van-ban/to-chuc-bo-may-nha-nuoc/hoat-dong-giam-sat-cua-quoc-hoi-va-hoi-dong-nhan-dan/ 301
/van-ban/de-muc/bau-cu-dai-bieu-quoc-hoi-va-dai-bieu-hoi-dong-nhan-dan/ /van-ban/to-chuc-bo-may-nha-nuoc/bau-cu-dai-bieu-quoc-hoi-va-dai-bieu-hoi-dong-nhan-dan/ 301
/van-ban/de-muc/mat-tran-to-quoc-viet-nam/ /van-ban/to-chuc-bo-may-nha-nuoc/mat-tran-to-quoc-viet-nam/ 301
/van-ban/de-muc/to-chuc-vien-kiem-sat-nhan-dan/ /van-ban/to-chuc-bo-may-nha-nuoc/to-chuc-vien-kiem-sat-nhan-dan/ 301
/van-ban/de-muc/to-chuc-quoc-hoi/ /van-ban/to-chuc-bo-may-nha-nuoc/to-chuc-quoc-hoi/ 301
/van-ban/de-muc/du-lich/ /van-ban/van-hoa-the-thao-du-lich/du-lich/ 301
/van-ban/de-muc/hoat-dong-my-thuat/ /van-ban/van-hoa-the-thao-du-lich/hoat-dong-my-thuat/ 301
/van-ban/de-muc/quy-che-dat-ten-doi-ten-duong-pho-va-cong-trinh-cong-cong/ /van-ban/van-hoa-the-thao-du-lich/quy-che-dat-ten-doi-ten-duong-pho-va-cong-trinh-cong-cong/ 301
/van-ban/de-muc/quang-cao/ /van-ban/van-hoa-the-thao-du-lich/quang-cao/ 301
/van-ban/de-muc/dien-anh/ /van-ban/van-hoa-the-thao-du-lich/dien-anh/ 301
/van-ban/de-muc/thuc-hien-nep-song-van-minh-trong-viec-cuoi-viec-tang/ /van-ban/van-hoa-the-thao-du-lich/thuc-hien-nep-song-van-minh-trong-viec-cuoi-viec-tang/ 301
/van-ban/de-muc/the-duc-the-thao/ /van-ban/van-hoa-the-thao-du-lich/the-duc-the-thao/ 301
/van-ban/de-muc/thu-vien/ /van-ban/van-hoa-the-thao-du-lich/thu-vien/ 301
/van-ban/de-muc/hoat-dong-van-hoa-va-kinh-doanh-dich-vu-van-hoa-cong-cong/ /van-ban/van-hoa-the-thao-du-lich/hoat-dong-van-hoa-va-kinh-doanh-dich-vu-van-hoa-cong-cong/ 301
/van-ban/de-muc/to-chuc-le-tang-can-bo-cong-chuc-vien-chuc/ /van-ban/van-hoa-the-thao-du-lich/to-chuc-le-tang-can-bo-cong-chuc-vien-chuc/ 301
/van-ban/de-muc/cong-bo-pho-bien-tac-pham-ra-nuoc-ngoai/ /van-ban/van-hoa-the-thao-du-lich/cong-bo-pho-bien-tac-pham-ra-nuoc-ngoai/ 301
/van-ban/de-muc/hoat-dong-nghe-thuat-bieu-dien/ /van-ban/van-hoa-the-thao-du-lich/hoat-dong-nghe-thuat-bieu-dien/ 301
/van-ban/de-muc/nhuan-but-thu-lao-doi-voi-tac-pham-dien-anh-my-thuat-nhiep-anh-san-khau-va-cac-loai-hinh-nghe-thuat-bieu-dien-khac/ /van-ban/van-hoa-the-thao-du-lich/nhuan-but-thu-lao-doi-voi-tac-pham-dien-anh-my-thuat-nhiep-anh-san-khau-va-cac-loai-hinh-nghe-thuat-bieu-dien-khac/ 301
/van-ban/de-muc/tin-nguong-ton-giao/ /van-ban/ton-giao-tin-nguong/tin-nguong-ton-giao/ 301
/van-ban/de-muc/kinh-doanh-bao-hiem/ /van-ban/bao-hiem/kinh-doanh-bao-hiem/ 301
/van-ban/de-muc/bao-hiem-y-te/ /van-ban/bao-hiem/bao-hiem-y-te/ 301
/van-ban/de-muc/hien-lay-ghep-mo-bo-phan-co-the-nguoi-va-hien-lay-xac/ /van-ban/y-te-duoc/hien-lay-ghep-mo-bo-phan-co-the-nguoi-va-hien-lay-xac/ 301
/van-ban/de-muc/quan-ly-trang-thiet-bi-y-te/ /van-ban/y-te-duoc/quan-ly-trang-thiet-bi-y-te/ 301
/van-ban/de-muc/an-toan-thuc-pham/ /van-ban/y-te-duoc/an-toan-thuc-pham/ 301
/van-ban/de-muc/phong-chong-tac-hai-cua-thuoc-la/ /van-ban/y-te-duoc/phong-chong-tac-hai-cua-thuoc-la/ 301
/van-ban/de-muc/duoc/ /van-ban/y-te-duoc/duoc/ 301
/van-ban/de-muc/phong-chong-benh-truyen-nhiem/ /van-ban/y-te-duoc/phong-chong-benh-truyen-nhiem/ 301
/van-ban/de-muc/phong-chong-nhiem-vi-rut-gay-ra-hoi-chung-suy-giam-mien-dich-mac-phai-o-nguoi/ /van-ban/y-te-duoc/phong-chong-nhiem-vi-rut-gay-ra-hoi-chung-suy-giam-mien-dich-mac-phai-o-nguoi/ 301
/van-ban/de-muc/phong-chong-tac-hai-cua-ruou-bia/ /van-ban/y-te-duoc/phong-chong-tac-hai-cua-ruou-bia/ 301
/van-ban/de-muc/bao-ve-suc-khoe-nhan-dan/ /van-ban/y-te-duoc/bao-ve-suc-khoe-nhan-dan/ 301
/van-ban/de-muc/dieu-kien-san-xuat-my-pham/ /van-ban/y-te-duoc/dieu-kien-san-xuat-my-pham/ 301
/van-ban/de-muc/mot-so-chinh-sach-doi-voi-nguoi-viet-nam-o-nuoc-ngoai/ /van-ban/ngoai-giao-dieu-uoc-quoc-te/mot-so-chinh-sach-doi-voi-nguoi-viet-nam-o-nuoc-ngoai/ 301
/van-ban/de-muc/ham-cap-ngoai-giao/ /van-ban/ngoai-giao-dieu-uoc-quoc-te/ham-cap-ngoai-giao/ 301
/van-ban/de-muc/dich-quoc-hieu-ten-cac-co-quan-don-vi-va-chuc-danh-lanh-dao-can-bo-cong-chuc-trong-he-thong-hanh-chinh-nha-nuoc-sang-tieng-anh-de-giao-dich-doi-ngoai/ /van-ban/ngoai-giao-dieu-uoc-quoc-te/dich-quoc-hieu-ten-cac-co-quan-don-vi-va-chuc-danh-lanh-dao-can-bo-cong-chuc-trong-he-thong-hanh-chinh-nha-nuoc-sang-tieng-anh-de-giao-dich-doi-ngoai/ 301
/van-ban/de-muc/lap-va-hoat-dong-cua-van-phong-dai-dien-cua-cac-to-chuc-hop-tac-nghien-cuu-cua-nuoc-ngoai-tai-viet-nam/ /van-ban/ngoai-giao-dieu-uoc-quoc-te/lap-va-hoat-dong-cua-van-phong-dai-dien-cua-cac-to-chuc-hop-tac-nghien-cuu-cua-nuoc-ngoai-tai-viet-nam/ 301
/van-ban/de-muc/thoa-thuan-quoc-te/ /van-ban/ngoai-giao-dieu-uoc-quoc-te/thoa-thuan-quoc-te/ 301
/van-ban/de-muc/to-chuc-quan-ly-hoi-nghi-hoi-thao-quoc-te-tai-viet-nam/ /van-ban/ngoai-giao-dieu-uoc-quoc-te/to-chuc-quan-ly-hoi-nghi-hoi-thao-quoc-te-tai-viet-nam/ 301
/van-ban/de-muc/co-quan-dai-dien-nuoc-cong-hoa-xa-hoi-chu-nghia-viet-nam-o-nuoc-ngoai/ /van-ban/ngoai-giao-dieu-uoc-quoc-te/co-quan-dai-dien-nuoc-cong-hoa-xa-hoi-chu-nghia-viet-nam-o-nuoc-ngoai/ 301
/van-ban/de-muc/dang-ky-va-quan-ly-hoat-dong-cua-cac-to-chuc-phi-chinh-phu-nuoc-ngoai-tai-viet-nam/ /van-ban/ngoai-giao-dieu-uoc-quoc-te/dang-ky-va-quan-ly-hoat-dong-cua-cac-to-chuc-phi-chinh-phu-nuoc-ngoai-tai-viet-nam/ 301
/van-ban/de-muc/quyen-uu-dai-mien-tru-danh-cho-co-quan-dai-dien-ngoai-giao-co-quan-lanh-su-va-co-quan-dai-dien-cua-to-chuc-quoc-te-tai-viet-nam/ /van-ban/ngoai-giao-dieu-uoc-quoc-te/quyen-uu-dai-mien-tru-danh-cho-co-quan-dai-dien-ngoai-giao-co-quan-lanh-su-va-co-quan-dai-dien-cua-to-chuc-quoc-te-tai-viet-nam/ 301
/van-ban/de-muc/dieu-uoc-quoc-te/ /van-ban/ngoai-giao-dieu-uoc-quoc-te/dieu-uoc-quoc-te/ 301
/van-ban/de-muc/bao-ve-quyen-loi-nguoi-tieu-dung/ /van-ban/thuong-mai-dau-tu-chung-khoan/bao-ve-quyen-loi-nguoi-tieu-dung/ 301
/van-ban/de-muc/mot-so-hoat-dong-kinh-doanh-dac-thu/ /van-ban/thuong-mai-dau-tu-chung-khoan/mot-so-hoat-dong-kinh-doanh-dac-thu/ 301
/van-ban/de-muc/thuong-mai/ /van-ban/thuong-mai-dau-tu-chung-khoan/thuong-mai/ 301
/van-ban/de-muc/canh-tranh/ /van-ban/thuong-mai-dau-tu-chung-khoan/canh-tranh/ 301
/van-ban/de-muc/chung-khoan/ /van-ban/thuong-mai-dau-tu-chung-khoan/chung-khoan/ 301
/van-ban/de-muc/quan-ly-ngoai-thuong/ /van-ban/thuong-mai-dau-tu-chung-khoan/quan-ly-ngoai-thuong/ 301
/van-ban/de-muc/quan-ly-thi-truong/ /van-ban/thuong-mai-dau-tu-chung-khoan/quan-ly-thi-truong/ 301
/van-ban/de-muc/tiep-can-thong-tin/ /van-ban/thong-tin-bao-chi-xuat-ban/tiep-can-thong-tin/ 301
/van-ban/de-muc/xuat-ban/ /van-ban/thong-tin-bao-chi-xuat-ban/xuat-ban/ 301
/van-ban/de-muc/bao-chi/ /van-ban/thong-tin-bao-chi-xuat-ban/bao-chi/ 301
/van-ban/de-muc/thuc-hanh-tiet-kiem-chong-lang-phi/ /van-ban/tai-chinh/thuc-hanh-tiet-kiem-chong-lang-phi/ 301
/van-ban/de-muc/ngan-sach-nha-nuoc/ /van-ban/tai-chinh/ngan-sach-nha-nuoc/ 301
/van-ban/de-muc/hai-quan/ /van-ban/tai-chinh/hai-quan/ 301
/van-ban/de-muc/phong-chong-thien-tai/ /van-ban/nong-nghiep-nong-thon/phong-chong-thien-tai/ 301
/van-ban/de-muc/thu-y/ /van-ban/nong-nghiep-nong-thon/thu-y/ 301
/van-ban/de-muc/thuy-loi/ /van-ban/nong-nghiep-nong-thon/thuy-loi/ 301
/van-ban/de-muc/trong-trot/ /van-ban/nong-nghiep-nong-thon/trong-trot/ 301
/van-ban/de-muc/bao-ve-va-kiem-dich-thuc-vat/ /van-ban/nong-nghiep-nong-thon/bao-ve-va-kiem-dich-thuc-vat/ 301
/van-ban/de-muc/phat-trien-nganh-nghe-nong-thon/ /van-ban/nong-nghiep-nong-thon/phat-trien-nganh-nghe-nong-thon/ 301
/van-ban/de-muc/thuy-san/ /van-ban/nong-nghiep-nong-thon/thuy-san/ 301
/van-ban/de-muc/lam-nghiep/ /van-ban/nong-nghiep-nong-thon/lam-nghiep/ 301
/van-ban/de-muc/quan-ly-san-xuat-kinh-doanh-muoi/ /van-ban/nong-nghiep-nong-thon/quan-ly-san-xuat-kinh-doanh-muoi/ 301
/van-ban/de-muc/chan-nuoi/ /van-ban/nong-nghiep-nong-thon/chan-nuoi/ 301
/van-ban/de-muc/de-dieu/ /van-ban/nong-nghiep-nong-thon/de-dieu/ 301
/van-ban/de-muc/dang-ky-bien-phap-bao-dam/ /van-ban/dan-su/dang-ky-bien-phap-bao-dam/ 301
/van-ban/de-muc/quy-dinh-thi-hanh-bo-luat-dan-su-ve-bao-dam-thuc-hien-nghia-vu/ /van-ban/dan-su/quy-dinh-thi-hanh-bo-luat-dan-su-ve-bao-dam-thuc-hien-nghia-vu/ 301
/van-ban/de-muc/dan-su/ /van-ban/dan-su/dan-su/ 301
/van-ban/de-muc/canh-sat-bien-viet-nam/ /van-ban/quoc-phong/canh-sat-bien-viet-nam/ 301
/van-ban/de-muc/giao-duc-quoc-phong-va-an-ninh/ /van-ban/quoc-phong/giao-duc-quoc-phong-va-an-ninh/ 301
/van-ban/de-muc/bien-phong-viet-nam/ /van-ban/quoc-phong/bien-phong-viet-nam/ 301
/van-ban/de-muc/dan-quan-tu-ve/ /van-ban/quoc-phong/dan-quan-tu-ve/ 301
/van-ban/de-muc/quoc-phong/ /van-ban/quoc-phong/quoc-phong/ 301
/van-ban/de-muc/mot-so-che-do-doi-voi-doi-tuong-tham-gia-chien-tranh-bao-ve-to-quoc-lam-nhiem-vu-quoc-te-o-cam-pu-chia-giup-ban-lao-sau-ngay-30-thang-4-nam-1975-co-tu-du-20-nam-tro-len-phuc-vu-trong-quan-doi-cong-an-da-phuc-vien-xuat-ngu-thoi-viec/ /van-ban/quoc-phong/mot-so-che-do-doi-voi-doi-tuong-tham-gia-chien-tranh-bao-ve-to-quoc-lam-nhiem-vu-quoc-te-o-cam-pu-chia-giup-ban-lao-sau-ngay-30-thang-4-nam-1975-co-tu-du-20-nam-tro-len-phuc-vu-trong-quan-doi-cong-an-da-phuc-vien-xuat-ngu-thoi-viec/ 301
/van-ban/de-muc/nghia-vu-quan-su/ /van-ban/quoc-phong/nghia-vu-quan-su/ 301
/van-ban/de-muc/thuc-hien-che-do-huu-tri-doi-voi-quan-nhan-truc-tiep-tham-gia-khang-chien-chong-my-cuu-nuoc-tu-ngay-30-thang-4-nam-1975-tro-ve-truoc-co-20-nam-tro-len-phuc-vu-quan-doi-da-phuc-vien-xuat-ngu/ /van-ban/quoc-phong/thuc-hien-che-do-huu-tri-doi-voi-quan-nhan-truc-tiep-tham-gia-khang-chien-chong-my-cuu-nuoc-tu-ngay-30-thang-4-nam-1975-tro-ve-truoc-co-20-nam-tro-len-phuc-vu-quan-doi-da-phuc-vien-xuat-ngu/ 301
/van-ban/de-muc/luc-luong-du-bi-dong-vien/ /van-ban/quoc-phong/luc-luong-du-bi-dong-vien/ 301
/van-ban/de-muc/si-quan-quan-doi-nhan-dan-viet-nam/ /van-ban/quoc-phong/si-quan-quan-doi-nhan-dan-viet-nam/ 301
/van-ban/de-muc/quan-nhan-chuyen-nghiep-cong-nhan-va-vien-chuc-quoc-phong/ /van-ban/quoc-phong/quan-nhan-chuyen-nghiep-cong-nhan-va-vien-chuc-quoc-phong/ 301
/van-ban/de-muc/dac-xa/ /van-ban/thi-hanh-an/dac-xa/ 301
/van-ban/de-muc/to-chuc-va-hoat-dong-cua-thua-phat-lai/ /van-ban/thi-hanh-an/to-chuc-va-hoat-dong-cua-thua-phat-lai/ 301
/van-ban/de-muc/thi-hanh-an-dan-su/ /van-ban/thi-hanh-an/thi-hanh-an-dan-su/ 301
/van-ban/de-muc/thi-hanh-an-hinh-su/ /van-ban/thi-hanh-an/thi-hanh-an-hinh-su/ 301
/van-ban/de-muc/hop-tac-xa/ /van-ban/doanh-nghiep-hop-tac-xa/hop-tac-xa/ 301
/van-ban/de-muc/doanh-nghiep/ /van-ban/doanh-nghiep-hop-tac-xa/doanh-nghiep/ 301
/van-ban/de-muc/ho-tro-doanh-nghiep-nho-va-vua/ /van-ban/doanh-nghiep-hop-tac-xa/ho-tro-doanh-nghiep-nho-va-vua/ 301
/van-ban/de-muc/phong-chong-ma-tuy/ /van-ban/trat-tu-an-toan-xa-hoi/phong-chong-ma-tuy/ 301
/van-ban/de-muc/dieu-kien-ve-an-ninh-trat-tu-doi-voi-mot-so-nganh-nghe-kinh-doanh-co-dieu-kien/ /van-ban/trat-tu-an-toan-xa-hoi/dieu-kien-ve-an-ninh-trat-tu-doi-voi-mot-so-nganh-nghe-kinh-doanh-co-dieu-kien/ 301
/van-ban/de-muc/canh-sat-co-dong/ /van-ban/trat-tu-an-toan-xa-hoi/canh-sat-co-dong/ 301
/van-ban/de-muc/cu-tru/ /van-ban/trat-tu-an-toan-xa-hoi/cu-tru/ 301
/van-ban/de-muc/xu-ly-vi-pham-hanh-chinh/ /van-ban/trat-tu-an-toan-xa-hoi/xu-ly-vi-pham-hanh-chinh/ 301
/van-ban/de-muc/canh-sat-moi-truong/ /van-ban/trat-tu-an-toan-xa-hoi/canh-sat-moi-truong/ 301
/van-ban/de-muc/mot-so-bien-phap-bao-dam-trat-tu-cong-cong/ /van-ban/trat-tu-an-toan-xa-hoi/mot-so-bien-phap-bao-dam-trat-tu-cong-cong/ 301
/van-ban/de-muc/quan-ly-su-dung-phao/ /van-ban/trat-tu-an-toan-xa-hoi/quan-ly-su-dung-phao/ 301
/van-ban/de-muc/cong-an-xa/ /van-ban/trat-tu-an-toan-xa-hoi/cong-an-xa/ 301
/van-ban/de-muc/chung-minh-nhan-dan/ /van-ban/trat-tu-an-toan-xa-hoi/chung-minh-nhan-dan/ 301
/van-ban/de-muc/quan-ly-va-su-dung-con-dau/ /van-ban/trat-tu-an-toan-xa-hoi/quan-ly-va-su-dung-con-dau/ 301
/van-ban/de-muc/kiem-toan-doc-lap/ /van-ban/ke-toan-kiem-toan/kiem-toan-doc-lap/ 301
/van-ban/de-muc/ke-toan/ /van-ban/ke-toan-kiem-toan/ke-toan/ 301
/van-ban/de-muc/cap-ban-sao-tu-so-goc-chung-thuc-ban-sao-tu-ban-chinh-chung-thuc-chu-ky/ /van-ban/hanh-chinh-tu-phap/cap-ban-sao-tu-so-goc-chung-thuc-ban-sao-tu-ban-chinh-chung-thuc-chu-ky/ 301
/van-ban/de-muc/nuoi-con-nuoi/ /van-ban/hanh-chinh-tu-phap/nuoi-con-nuoi/ 301
/van-ban/de-muc/ly-lich-tu-phap/ /van-ban/hanh-chinh-tu-phap/ly-lich-tu-phap/ 301
/van-ban/de-muc/ho-tich/ /van-ban/hanh-chinh-tu-phap/ho-tich/ 301
/van-ban/de-muc/quoc-tich-viet-nam/ /van-ban/hanh-chinh-tu-phap/quoc-tich-viet-nam/ 301
/van-ban/de-muc/giao-thong-duong-thuy-noi-dia/ /van-ban/giao-thong-van-tai/giao-thong-duong-thuy-noi-dia/ 301
/van-ban/de-muc/hang-khong-dan-dung-viet-nam/ /van-ban/giao-thong-van-tai/hang-khong-dan-dung-viet-nam/ 301
/van-ban/de-muc/duong-sat/ /van-ban/giao-thong-van-tai/duong-sat/ 301
/van-ban/de-muc/hang-hai-viet-nam/ /van-ban/giao-thong-van-tai/hang-hai-viet-nam/ 301
/van-ban/de-muc/do-dac-va-ban-do/ /van-ban/tai-nguyen/do-dac-va-ban-do/ 301
/van-ban/de-muc/hoat-dong-vien-tham/ /van-ban/tai-nguyen/hoat-dong-vien-tham/ 301
/van-ban/de-muc/khi-tuong-thuy-van/ /van-ban/tai-nguyen/khi-tuong-thuy-van/ 301
/van-ban/de-muc/tai-nguyen-moi-truong-bien-va-hai-dao/ /van-ban/tai-nguyen/tai-nguyen-moi-truong-bien-va-hai-dao/ 301
/van-ban/de-muc/tan-so-vo-tuyen-dien/ /van-ban/buu-chinh-vien-thong/tan-so-vo-tuyen-dien/ 301
/van-ban/de-muc/an-toan-thong-tin-mang/ /van-ban/buu-chinh-vien-thong/an-toan-thong-tin-mang/ 301
/van-ban/de-muc/cong-nghe-thong-tin/ /van-ban/buu-chinh-vien-thong/cong-nghe-thong-tin/ 301
/van-ban/de-muc/buu-chinh/ /van-ban/buu-chinh-vien-thong/buu-chinh/ 301
/van-ban/de-muc/cong-an-nhan-dan/ /van-ban/an-ninh-quoc-gia/cong-an-nhan-dan/ 301
/van-ban/de-muc/an-ninh-mang/ /van-ban/an-ninh-quoc-gia/an-ninh-mang/ 301
/van-ban/de-muc/phong-chong-khung-bo/ /van-ban/an-ninh-quoc-gia/phong-chong-khung-bo/ 301
/van-ban/de-muc/an-ninh-quoc-gia/ /van-ban/an-ninh-quoc-gia/an-ninh-quoc-gia/ 301
/van-ban/de-muc/bao-ve-cong-trinh-quan-trong-lien-quan-den-an-ninh-quoc-gia/ /van-ban/an-ninh-quoc-gia/bao-ve-cong-trinh-quan-trong-lien-quan-den-an-ninh-quoc-gia/ 301
/van-ban/de-muc/nhap-canh-xuat-canh-qua-canh-cu-tru-cua-nguoi-nuoc-ngoai-tai-viet-nam/ /van-ban/an-ninh-quoc-gia/nhap-canh-xuat-canh-qua-canh-cu-tru-cua-nguoi-nuoc-ngoai-tai-viet-nam/ 301
/van-ban/de-muc/co-yeu/ /van-ban/an-ninh-quoc-gia/co-yeu/ 301
/van-ban/de-muc/bao-ve-bi-mat-nha-nuoc/ /van-ban/an-ninh-quoc-gia/bao-ve-bi-mat-nha-nuoc/ 301
/van-ban/de-muc/bien-gioi-quoc-gia/ /van-ban/an-ninh-quoc-gia/bien-gioi-quoc-gia/ 301
/van-ban/de-muc/xuat-canh-nhap-canh-cua-cong-dan-viet-nam/ /van-ban/an-ninh-quoc-gia/xuat-canh-nhap-canh-cua-cong-dan-viet-nam/ 301
/van-ban/de-muc/bien-viet-nam/ /van-ban/an-ninh-quoc-gia/bien-viet-nam/ 301
/van-ban/de-muc/canh-ve/ /van-ban/an-ninh-quoc-gia/canh-ve/ 301
/van-ban/de-muc/vien-chuc/ /van-ban/can-bo-cong-chuc-vien-chuc/vien-chuc/ 301
/van-ban/de-muc/thanh-nien/ /van-ban/to-chuc-chinh-tri-xa-hoi-hoi/thanh-nien/ 301
/van-ban/de-muc/quyen-lap-hoi-va-to-chuc-hoat-dong-quan-ly-hoi/ /van-ban/to-chuc-chinh-tri-xa-hoi-hoi/quyen-lap-hoi-va-to-chuc-hoat-dong-quan-ly-hoi/ 301
/van-ban/de-muc/cuu-chien-binh/ /van-ban/to-chuc-chinh-tri-xa-hoi-hoi/cuu-chien-binh/ 301
/van-ban/de-muc/hoat-dong-chu-thap-do/ /van-ban/to-chuc-chinh-tri-xa-hoi-hoi/hoat-dong-chu-thap-do/ 301
/van-ban/de-muc/to-chuc-hoat-dong-cua-quy-xa-hoi-quy-tu-thien/ /van-ban/to-chuc-chinh-tri-xa-hoi-hoi/to-chuc-hoat-dong-cua-quy-xa-hoi-quy-tu-thien/ 301
/van-ban/de-muc/thi-hanh-tam-giu-tam-giam/ /van-ban/to-tung-va-cac-phuong-thuc-giai-quyet-tranh-chap/thi-hanh-tam-giu-tam-giam/ 301
/van-ban/de-muc/to-tung-hinh-su/ /van-ban/to-tung-va-cac-phuong-thuc-giai-quyet-tranh-chap/to-tung-hinh-su/ 301
/van-ban/de-muc/hoa-giai-doi-thoai-tai-toa-an/ /van-ban/to-tung-va-cac-phuong-thuc-giai-quyet-tranh-chap/hoa-giai-doi-thoai-tai-toa-an/ 301
/van-ban/de-muc/to-tung-dan-su/ /van-ban/to-tung-va-cac-phuong-thuc-giai-quyet-tranh-chap/to-tung-dan-su/ 301
/van-ban/de-muc/trong-tai-thuong-mai/ /van-ban/to-tung-va-cac-phuong-thuc-giai-quyet-tranh-chap/trong-tai-thuong-mai/ 301
/van-ban/de-muc/pha-san/ /van-ban/to-tung-va-cac-phuong-thuc-giai-quyet-tranh-chap/pha-san/ 301
/van-ban/de-muc/thu-tuc-bat-giu-tau-bay/ /van-ban/to-tung-va-cac-phuong-thuc-giai-quyet-tranh-chap/thu-tuc-bat-giu-tau-bay/ 301
/van-ban/de-muc/to-chuc-co-quan-dieu-tra-hinh-su/ /van-ban/to-tung-va-cac-phuong-thuc-giai-quyet-tranh-chap/to-chuc-co-quan-dieu-tra-hinh-su/ 301
/van-ban/de-muc/trach-nhiem-boi-thuong-cua-nha-nuoc/ /van-ban/to-tung-va-cac-phuong-thuc-giai-quyet-tranh-chap/trach-nhiem-boi-thuong-cua-nha-nuoc/ 301
/van-ban/de-muc/to-tung-hanh-chinh/ /van-ban/to-tung-va-cac-phuong-thuc-giai-quyet-tranh-chap/to-tung-hanh-chinh/ 301
/van-ban/de-muc/thu-tuc-bat-giu-tau-bien/ /van-ban/to-tung-va-cac-phuong-thuc-giai-quyet-tranh-chap/thu-tuc-bat-giu-tau-bien/ 301
/van-ban/de-muc/hoa-giai-o-co-so/ /van-ban/to-tung-va-cac-phuong-thuc-giai-quyet-tranh-chap/hoa-giai-o-co-so/ 301
/van-ban/de-muc/uu-dai-nguoi-co-cong-voi-cach-mang/ /van-ban/chinh-sach-xa-hoi/uu-dai-nguoi-co-cong-voi-cach-mang/ 301
/van-ban/de-muc/chinh-sach-tro-giup-xa-hoi-doi-voi-doi-tuong-bao-tro-xa-hoi/ /van-ban/chinh-sach-xa-hoi/chinh-sach-tro-giup-xa-hoi-doi-voi-doi-tuong-bao-tro-xa-hoi/ 301
/van-ban/de-muc/phong-chong-mai-dam/ /van-ban/chinh-sach-xa-hoi/phong-chong-mai-dam/ 301
/van-ban/de-muc/nguoi-khuyet-tat/ /van-ban/chinh-sach-xa-hoi/nguoi-khuyet-tat/ 301
/van-ban/de-muc/nguoi-cao-tuoi/ /van-ban/chinh-sach-xa-hoi/nguoi-cao-tuoi/ 301
/van-ban/de-muc/tu-van-phap-luat/ /van-ban/bo-tro-tu-phap/tu-van-phap-luat/ 301
/van-ban/de-muc/tro-giup-phap-ly/ /van-ban/bo-tro-tu-phap/tro-giup-phap-ly/ 301
/van-ban/de-muc/luat-su/ /van-ban/bo-tro-tu-phap/luat-su/ 301
/van-ban/de-muc/dau-gia-tai-san/ /van-ban/bo-tro-tu-phap/dau-gia-tai-san/ 301
/van-ban/de-muc/giam-dinh-tu-phap/ /van-ban/bo-tro-tu-phap/giam-dinh-tu-phap/ 301
/van-ban/de-muc/pho-bien-giao-duc-phap-luat/ /van-ban/xay-dung-phap-luat-va-thi-hanh-phap-luat/pho-bien-giao-duc-phap-luat/ 301
/van-ban/de-muc/phap-dien-he-thong-quy-pham-phap-luat/ /van-ban/xay-dung-phap-luat-va-thi-hanh-phap-luat/phap-dien-he-thong-quy-pham-phap-luat/ 301
/van-ban/de-muc/kiem-soat-thu-tuc-hanh-chinh/ /van-ban/xay-dung-phap-luat-va-thi-hanh-phap-luat/kiem-soat-thu-tuc-hanh-chinh/ 301
/van-ban/de-muc/chuc-nang-nhiem-vu-quyen-han-va-to-chuc-bo-may-cua-to-chuc-phap-che/ /van-ban/xay-dung-phap-luat-va-thi-hanh-phap-luat/chuc-nang-nhiem-vu-quyen-han-va-to-chuc-bo-may-cua-to-chuc-phap-che/ 301
/van-ban/de-muc/tiep-nhan-xu-ly-phan-anh-kien-nghi-cua-ca-nhan-to-chuc-ve-quy-dinh-hanh-chinh/ /van-ban/xay-dung-phap-luat-va-thi-hanh-phap-luat/tiep-nhan-xu-ly-phan-anh-kien-nghi-cua-ca-nhan-to-chuc-ve-quy-dinh-hanh-chinh/ 301
/van-ban/de-muc/hop-nhat-van-ban-quy-pham-phap-luat/ /van-ban/xay-dung-phap-luat-va-thi-hanh-phap-luat/hop-nhat-van-ban-quy-pham-phap-luat/ 301
/van-ban/de-muc/trung-cau-y-dan/ /van-ban/xay-dung-phap-luat-va-thi-hanh-phap-luat/trung-cau-y-dan/ 301
/van-ban/de-muc/thuc-hien-dan-chu-o-co-so/ /van-ban/xay-dung-phap-luat-va-thi-hanh-phap-luat/thuc-hien-dan-chu-o-co-so/ 301
/van-ban/de-muc/lao-dong/ /van-ban/lao-dong/lao-dong/ 301
/van-ban/de-muc/nguoi-lao-dong-viet-nam-di-lam-viec-o-nuoc-ngoai-theo-hop-dong/ /van-ban/lao-dong/nguoi-lao-dong-viet-nam-di-lam-viec-o-nuoc-ngoai-theo-hop-dong/ 301
/van-ban/de-muc/viec-lam/ /van-ban/lao-dong/viec-lam/ 301
/van-ban/de-muc/giao-duc-nghe-nghiep/ /van-ban/lao-dong/giao-duc-nghe-nghiep/ 301
/van-ban/de-muc/an-toan-ve-sinh-lao-dong/ /van-ban/lao-dong/an-toan-ve-sinh-lao-dong/ 301
/van-ban/de-muc/thong-ke/ /van-ban/thong-ke/thong-ke/ 301
/van-ban/de-muc/tre-em/ /van-ban/dan-so-gia-dinh-tre-em-binh-dang-gioi/tre-em/ 301
/van-ban/de-muc/hon-nhan-va-gia-dinh/ /van-ban/dan-so-gia-dinh-tre-em-binh-dang-gioi/hon-nhan-va-gia-dinh/ 301
/van-ban/de-muc/binh-dang-gioi/ /van-ban/dan-so-gia-dinh-tre-em-binh-dang-gioi/binh-dang-gioi/ 301
/van-ban/de-muc/dan-so/ /van-ban/dan-so-gia-dinh-tre-em-binh-dang-gioi/dan-so/ 301
/van-ban/de-muc/khieu-nai/ /van-ban/khieu-nai-to-cao/khieu-nai/ 301
/van-ban/de-muc/to-cao/ /van-ban/khieu-nai-to-cao/to-cao/ 301
/van-ban/de-muc/tiep-cong-dan/ /van-ban/khieu-nai-to-cao/tiep-cong-dan/ 301
/van-ban/de-muc/phong-chong-tham-nhung/ /van-ban/khieu-nai-to-cao/phong-chong-tham-nhung/ 301

# Wrong pattern redirect
/van-ban/chu-de/de-muc/* /van-ban/de-muc/:splat 301

# Index redirect
/van-ban/chu-de/ /van-ban/ 301
/van-ban/de-muc/ /van-ban/ 301
